feature,importance
body_mass_index_(bmi)__dem_0800,0.020047188241173085
weight_in_pounds__dem_0700,0.01801003110528813
participants_age__modified_dem_0110,0.014708893423897142
height_in_inches__dem_0610,0.013633930466685025
rmeq_total_score__cir_0700,0.011223021884367303
map_score__score,0.011048418604425432
epworth_sleepiness_scale_total_score__ess_0900,0.010216727547943347
latency_non_sch_non_work_nights__sched_3700,0.009922748713468014
nose_total_score__nose_0600,0.009817045384227547
wake_hrs_non_sch_non_work_nights__sched_3900,0.009361221520036966
total_slp_duration_sch_work_nights__sched_2300,0.009347146578114128
wake_hrs_sch_work_nights__sched_2500,0.009231091188810058
fatigue_severity_scale_total_score__fss_1000,0.00898044837279951
insomnia_severity_index_total_score__isi_score,0.008830038092071314
latency_sch_work_nights__sched_2200,0.008673905474963379
patient_health_questionnaire_9_total_score__phq_1000,0.008282310578767783
map_index_1_apnea_score__index_1,0.0076492994395105105
number_of_full_siblings_from_the_same_birth_parents__famhx_1300,0.007538641343723007
total_slp_duration_non_sch_non_work_nights__sched_3800,0.007471871762625848
percentage_of_lunch_among_all_food_intake_over_24_hours__diet_0310,0.007386945734083037
frequency_of_eat/drink_in_sleep_number_of_times__par_0300,0.007379269351234142
fatigue_severity_scale_i_am_easily_fatigued__fss_0300,0.007262989722490778
percentage_of_dinner_among_all_food_intake_over_24_hours__diet_0320,0.00703741350609778
multiple_awakenings_number__isq_0310,0.006929529813803694
difficulty_falling_asleep_number_of_times__isq_0110,0.0069181465385735105
feeling_that_sleep_is_not_sound_number__isq_0410,0.006865567197126055
num_awakens_non_sch_non_work_nights__sched_3900,0.006783041922093692
number_of_people_living_in_your_household__bthbts_0500,0.006751012292820521
generalized_anxiety_disorder-7_questionnaire_total_score__gad_0800,0.0065699205723212415
functional_outcomes_of_sleep_summary_score__fosq_1100,0.006477767570167671
cigarette_smoking_age_started__soclhx_1200,0.006473956048369035
cigarette_smoking_number_of_cigarettes__soclhx_1300,0.0063235671315361106
loud_snoring__map_0100,0.006195890021366419
fatigue_severity_scale_motivation_is_lower_when_fatigued__fss_0100,0.006049464076314692
insomnia_severity_index_how_satisfied_with_current_sleep_pattern__isi_0400,0.005942822268800817
horne-ostberg_morningness-eveningness_questionnaire_ideal_scheduled_wake_time__cir_0200,0.005846455017979369
percentage_of_breakfast_among_all_food_intake_over_24_hours__diet_0300,0.005835485483853293
nasal_congestion_or_stuffiness__nose_0100,0.005733277855085856
difficulty_staying_asleep_number__isq_0210,0.005727961351486724
difficulty_staying_awake_during_the_day_number_of_times__slpy_0100,0.0057272956995144545
amt_slp_fully_rested__sched_4200,0.005606734633465465
caffeine_consumption_number_of_servings_per_day__soclhx_0900,0.005562059076589324
fatigue_severity_scale_exercise_brings_on_fatigue__fss_0200,0.005553662855912349
map_index_3_excessive_daytime_sleepiness_(eds)_score__index_3,0.00539838304700627
fatigue_severity_scale_my_fatigue_prevents_sustained_physical_functioning__fss_0600,0.005391821412674026
usual_nap_duration__soclhx_0200,0.005389610488293196
fatigue_severity_scale_fatigue_is_among_my_three_most_disabling_symptoms__fss_0800,0.005387427092295944
frequency_of_leg_twitch/kick_number_of_times__par_0100,0.005361507619117324
trouble_sleeping__nose_0400,0.005340157529569717
"horne-ostberg_morningness-eveningness_questionnaire_time_of_day_reaching_""feeling_best""_peak__cir_0500",0.005270841101457265
number_of_children_aged_6_17_living_in_your_household__bthbts_0520,0.0052460202137248335
self-reported_frequency_of_napping__soclhx_0100,0.005212783753500508
slp_quality_non_sch_non_work_nights__sched_4100,0.0051403437419332435
percentage_of_snack_1_among_all_food_intake_over_24_hours__diet_0330,0.005138209458963832
heartburn_or_belching_after_going_to_bed_days_per_week__osa_0100,0.0050921457641345804
feeling_that_sleep_is_not_sound__isq_0400,0.005032540223466905
frequent_tossing_turning_thrashing__map_0500,0.005018319608026589
difficulty_falling_asleep__isq_0100,0.004960171122572825
insomnia_severity_index_how_worried/distressed_about_current_sleep_problem__isi_0600,0.004845377844337876
num_awakens_sch_work_nights__sched_24000,0.004845211686166991
trouble_breathing_through_nose__nose_0300,0.00479510449206081
insomnia_severity_index_difficulty_falling_asleep__isi_0100,0.004755801204502242
fatigue_severity_scale_fatigue_interferes_with_physical_functioning__fss_0400,0.004713660280794772
sleep_attacks_number_of_times__slpy_0200,0.00471051933637677
trivial_things_of_no_importance__tab_0100,0.00470590889062731
snorting_gasping__map_0300,0.0046915866614401945
epworth_sleepiness_scale_chance_of_dozing_while_watching_tv__ess_0200,0.00466551969490486
dry_and/or_irritated_eyes__osa_0300,0.004640481681297348
excessive_sleepiness__map_0700,0.004561432937066729
frequent_wakenings__map_0200,0.004557562506728107
days_per_week_in_school_or_work__sched_9900,0.004533611884818503
cigarette_smoking_age_stopped__soclhx_1400,0.004531676304178959
feeling_that_sleep_is_unrefreshing__number__isq_0510,0.004506660792894849
morning_headache__map_0800,0.004436385365219161
insomnia_severity_index_problems_waking_up_too_early__isi_0300,0.004428093843326889
epworth_sleepiness_scale_chance_of_dozing_while_sitting_and_reading__ess_0100,0.004416186318860739
what_happened_today_and_what_you_have_to_do_tomorrow__tab_0200,0.004365758641195285
fatigue_severity_scale_fatigue_interferes_with_carrying_out_certain_duties_and_responsibilities__fss_0700,0.004305220173412675
perspire_heavily_during_the_night_days_per_week__osa_0200,0.004268666447775676
breathing_stops__map_0600,0.00425047333622398
horne-ostberg_morningness-eveningness_questionnaire_time_of_evening_you_need_sleep__cir_0400,0.0042444002789425875
feeling_that_sleep_is_unrefreshing__isq_0500,0.004217646130742278
frequency_of_nightmares_times__par_0700,0.004216530635379853
how_long_youve_been_lying_awake__tab_0300,0.004184569073182987
fatigue_severity_scale_fatigue_interferes_with_my_work_family_or_social_life__fss_0900,0.004162392348275632
horne-ostberg_morningness-eveningness_questionnaire_morning_or_evening_type__cir_0600,0.004147038195160811
fatigue_severity_scale_fatigue_causes_frequent_problems_for_me__fss_0500,0.00411175332342335
sleep_made_you_irritable__isq_1000,0.004097498810121816
remember_dreams_times__par_0900,0.004080717431217086
insomnia_severity_index_difficulty_staying_asleep__isi_0200,0.004067813250376482
slp_quality_sch_work_nights__sched_2600,0.004051370388185192
frequency_of_teeth_grinding__par_0400,0.004019381938044873
how_out_of_control_your_sleep_is_and_you_dont_know_what_to_do_about_it__tab_0800,0.0039942611820987
exercise_time_of_day__soclhx_0600,0.003991651785051364
patient_health_questionnaire_9_trouble_falling_or_staying_asleep_or_sleeping_too_much__phq_0300,0.003957496579415055
sleep_affected_other_important_parts_of_life__isq_0900,0.0039272920975260564
multiple_awakenings__isq_0300,0.003899345665008519
functional_outcomes_of_sleep_difficulty_watching_a_movie__fosq_0700,0.003896014811851883
feeling_refreshed_after_nap__soclhx_0300,0.0038718104406837133
number_of_adults_aged_18_59_living_in_your_household__bthbts_0530,0.003774674667937497
how_much_does_your_sleep_bother_you__isq_0600,0.003733857240703026
how_sleepy_do_you_feel_during_the_day__isq_1300,0.0037248640375908983
how_you_are_going_to_cope_tomorrow_if_you_dont_sleep_well_tonight__tab_0400,0.003691012657885283
perform_activities_without_awareness_when_sleepy_number_of_times__slpy_0300,0.0036759967698972895
sleep_affected_work__isq_0700,0.003644023448095063
insomnia_severity_index_sleep_problem_intereferes_with_daily_functioning__isi_0700,0.0036273451286442794
things_that_have_happened_in_the_past_and_how_they_worked_out__tab_0900,0.0036238959308594484
alcohol_consumption_number_of_times__soclhx_0700,0.0036225463537495257
what_the_future_might_hold_and_what_you_should_do_for_things_to_work_out_well__tab_1000,0.0036191866206190127
epworth_sleepiness_scale_chance_of_dozing_while_lying_down_in_the_afternoon_when_circumstances_permit__ess_0500,0.0035708446906450963
your_body_feeling_hot_or_cold__tab_0600,0.003528302427524564
gastrointestinal_problem_or_surgery_self-reported__mdhx_6100,0.0035134672228991273
epworth_sleepiness_scale_chance_of_dozing_as_a_passenger_in_a_car_for_an_hour_without_a_break__ess_0400,0.0035055312612716294
difficulty_staying_asleep__isq_0200,0.003462781167690475
patient_health_questionnaire_9_trouble_concentrating__phq_0700,0.003457162272466523
epworth_sleepiness_scale_chance_of_dozing_while_sitting_inactive_in_a_public_place__ess_0300,0.003450861448268854
your_heart_beat_pounding_in_your_head__tab_0700,0.003450166153129554
insomnia_severity_index_how_noticeable_to_others_is_sleep_problem_impacting_quality_of_life__isi_0500,0.003437920715715758
functional_outcomes_of_sleep_effect_on_desire_for_intimacy_or_sex__fosq_1000,0.003335954172387216
easily_awakened_after_nap__soclhx_0400,0.0033340897473074695
sleep_made_you_fatigued__isq_1200,0.003299870316653975
unable_to_get_enough_air_through_nose_during_exercise_or_exertion__nose_0500,0.0032858471494738445
epworth_sleepiness_scale_chance_of_dozing_while_sitting_quietly_after_lunch_without_alcohol__ess_0700,0.0032825895257395142
alcohol_consumption_number_of_servings_per_day__soclhx_0730,0.003268311895691218
how_often_do_sensations_occur_present__rls_0700,0.0032354145110573993
horne-ostberg_morningness-eveningness_questionnaire_tiredness_during_first_half-hour_after_waking__cir_0300,0.0032238018085885126
sleep_affected_your_social_life__isq_0800,0.0031754524328332983
noises_you_can_hear_in_the_house_or_outside__tab_0500,0.0031414848345154628
bed_partner_or_roommate__bthbts_0100,0.003122907662557717
functional_outcomes_of_sleep_difficulty_operating_motor_vehicles_for_long_distances_(greater_than_100_miles)__fosq_0400,0.0030682846470033347
menopausal_status__mdhx_1300,0.003056409676249882
nasal_blockage_or_obstruction__nose_0200,0.003002341005942063
functional_outcomes_of_sleep_difficulty_being_active_in_morning__fosq_0900,0.0029979672754581617
functional_outcomes_of_sleep_difficulty_operating_motor_vehicles_for_short_distances_(less_than_100_miles)__fosq_0300,0.002976424386289853
sleep_caused_trouble_concentrating__isq_1100,0.0028665404546938745
generalized_anxiety_disorder-7_questionnaire_not_being_able_to_stop_or_control_worrying__gad_0200,0.002790547699297804
hypnogogic_hallucinations_number_of_times__map_1110,0.0027857069634175755
generalized_anxiety_disorder-7_questionnaire_feeling_nervous_anxious_or_on_edge__gad_0100,0.0027814616911173784
functional_outcomes_of_sleep_difficulty_remembering__fosq_0200,0.002773007879099933
patient_health_questionnaire_9_poor_appetite_or_overeating__phq_0500,0.0027670385537472593
generalized_anxiety_disorder-7_questionnaire_trouble_relaxing__gad_0400,0.0027533731554482623
functional_outcomes_of_sleep_difficulty_concentrating__fosq_0100,0.002737484601481054
functional_outcomes_of_sleep_difficulty_being_active_in_evening__fosq_0800,0.0027320573727485325
unpleasant_feelings_in_legs_age_of_the_first_episode_(present_and_past)__rls_0800,0.002723320260132231
patient_health_questionnaire_9_feeling_tired_or_having_little_energy__phq_0400,0.0027170635932552123
number_of_children_aged_5_years_or_younger_living_in_your_household__bthbts_0510,0.0027134078895911973
dental_problems_self-reported__mdhx_6000,0.002635228596771319
restless_legs_syndrome_(rls)_current_severity__rls_severity,0.002619655162747474
functional_outcomes_of_sleep_difficulty_visiting_family_or_friends_in_their_home__fosq_0500,0.0026177891839643456
unpleasant_feelings_in_legs__rls_0100,0.002616549389655199
had_an_accident_or_near_miss_due_to_sleepiness_number_of_event__slpy_0400,0.002610920297845877
number_of_adults_aged_60_years_of_older_living_in_your_household__bthbts_0540,0.0025927730736371645
hypnagogic_hallucinations_(hh)_frequency_score__narc_2000,0.0025896755018339625
generalized_anxiety_disorder-7_questionnaire_becoming_easily_annoyed_or_irritable__gad_0600,0.002583666856198083
generalized_anxiety_disorder-7_questionnaire_being_so_restless_that_it_is_hard_to_sit_still__gad_0500,0.0025422654008702417
previously_been_to_a_sleep_specialist__mdhx_0200,0.0025187364562149874
patient_health_questionnaire_9_feeling_down_depressed_or_hopeless__phq_0200,0.0025107108248781872
how_distressing_were_sensations_past__rls_0610,0.002504761634056098
difficulty_staying_awake_during_the_day_time_frame__slpy_0110,0.00249006705114626
fall_asleep_at_work__map_0400,0.0024724282269512465
"('participants_sex', 'dem_0500')_M",0.002457599369433257
hypnogogic_hallucinations_days_per_week__map_1100,0.0024466261979187408
family_history_of_depression__famhx_0800,0.0024448758403114736
map_index_4_narcolepsy_like_symptoms_score__index_4,0.0024281406890509106
acting_out_dreams_age_of_the_first_episode__par_0530,0.0024112485037889545
patient_health_questionnaire_9_little_interest_or_pleasure_in_doing_things__phq_0100,0.0023713047760996436
sleep_less_soundly_if_skip_dinner__diet_0600,0.0023650634821587684
generalized_anxiety_disorder-7_questionnaire_feeling_afraid_as_if_something_awful_might_happen__gad_0700,0.00235617609061261
patient_health_questionnaire_9_feeling_bad_about_yourself__phq_0600,0.002351533857247236
frequency_of_nightmares_time_frame__par_0710,0.0023256223348830487
genetic_testing_self-reported__mdhx_6900,0.002310928516041261
urge_to_move_legs__rls_0200,0.002286320970362624
eating_impact_on_alertness/wakefulness__diet_0400,0.0022766452528346502
family_history_of_anxiety__famhx_0900,0.0022618480420064056
alcohol_consumption_rarely_or_never__soclhx_0701,0.0022617059790768944
street_or_recreational_drugs_consumption_age_stopped__soclhx_1800,0.0021971745636728273
how_distressing_are_sensations_present__rls_0600,0.0021932579566435106
"('participants_sex', 'dem_0500')_F",0.002184108148043744
"('irregular_schedule', 'sched_9910')_<NA>",0.002173107417198804
street_or_recreational_drugs_consumption_age_started__soclhx_1700,0.002137458206289687
tonsillectomy_or_adenoidectomy_self-reported__mdhx_5910,0.002131610488698827
functional_outcomes_of_sleep_relationships_with_family_or_friends_affected__fosq_0600,0.0021226965545783683
sleep_attacks_time_frame__slpy_0210,0.0021132278470746223
pain_or_fatigue_self-reported__mdhx_6500,0.00211301674685044
family_history_of_sleep_apnea__famhx_0200,0.0020950122428179617
perform_activities_without_awareness_when_sleepy_time_frame__slpy_0310,0.0020876516111392853
street_or_recreational_drugs_consumption_ever__soclhx_1500,0.002056552906556558
epworth_sleepiness_scale_chance_of_dozing_while_in_a_car_while_stopped_for_a_few_minutes_in_traffic__ess_0800,0.0020469615217309713
sleep_paralysis_frequency_score__narc_1900,0.0020436187021267865
hypertension_self-reported__mdhx_5700,0.0020219017064550936
frequency_of_acting_out_dreams_times__par_0500,0.0020032614743196826
hypercholesterolemia_self-reported__mdhx_6300,0.0019968193870850883
allergies_or_sinus_problems_self-reported__mdhx_5900,0.0019847628278812156
last_use_tv_or_computer_before_bed__bthbts_0300,0.001964404225424794
fall_asleep_driving__map_0900,0.001946948709760097
"('irregular_schedule', 'sched_9910')_False",0.001940293478232527
difficulty_falling_asleep_time_frame__isq_0120,0.0019223068999898619
psychiatric_or_mental_health_problem_self-reported__mdhx_6600,0.001891030627427688
self-perception_of_weight__diet_0700,0.0018335400262946499
exercise_rarely_or_never__soclhx_0501,0.001760395089645142
generalized_anxiety_disorder-7_questionnaire_worrying_too_much_about_different_things__gad_0300,0.0017571233683431765
frequency_of_acting_out_dreams_time_frame__par_0510,0.001753553188347286
difficulty_staying_asleep_time_frame__isq_0220,0.0017081792937425583
hypnogogic_hallucinations_time_frame__map_1120,0.001686134224711648
multiple_awakenings_time_frame__isq_0320,0.0016813125651136656
remember_dreams_time_frame__par_0910,0.0016720911571516382
epworth_sleepiness_scale_chance_of_dozing_while_sitting_and_talking_to_someone__ess_0600,0.0016677265736704649
feeling_that_sleep_is_not_sound_time_frame__isq_0420,0.0016641387029615814
perform_activities_without_awareness_when_sleepy_never__slpy_0301,0.0016560651748285767
medical_problem_or_surgery_other_self-reported__mdhx_6700,0.0016332594426006037
cigarette_smoking_never_smoker__never_cigarette_smoker,0.0015984193971357596
asthma_self-reported__mdhx_5800,0.0015977932808772602
caffeine_consumption_rarely_or_never__soclhx_0901,0.001538261331504894
urologic_or_kidney_problem_self-reported__mdhx_6400,0.0015282568642602135
cigarette_smoking_former_smoker__former_cigarette_smoker,0.001527754889400276
feel_paralyzed_(cataplexy)_days_per_week__map_1000,0.001526260982234979
family_history_of_insomnia__famhx_0100,0.0015161154554645705
family_history_of_restless_leg_syndrome__famhx_0400,0.0014663099277608391
cardiovascular_problem_other_self-reported__mdhx_5720,0.0014601497455142135
patient_health_questionnaire_9_moving_or_speaking_slowly__phq_0800,0.0014276600955554445
family_history_of_psychiatric_treatment__famhx_1100,0.0014201404031736562
frequency_of_leg_twitch/kick_time_frame__par_0110,0.0014006231464553038
routinely_travel_to_other_time_zones__cir_0100,0.0013810918522447998
feel_more_alert_if_skip_lunch__diet_0500,0.0013732248488824794
"('irregular_schedule', 'sched_9910')_True",0.0013729987273405325
family_history_of_other_sleep_disorder__famhx_0500,0.0013455014211044163
percentage_of_snack_2_among_all_food_intake_over_24_hours__diet_0350,0.0013449425928677358
feeling_that_sleep_is_unrefreshing_time_frame__isq_0520,0.0013242743665500473
hypnogogic_hallucinations_age_of_the_first_episode__map_1130,0.0013201970964725814
sleep_attacks_never__slpy_0201,0.0013168853047944348
trigger_for_sleep_disorder__mdhx_5500,0.0013117165254287542
feel_paralyzed_(cataplexy)_number_of_times__map_1020,0.00130860737739974
frequency_of_muscle_weakness_when_laugh_current__narc_0200,0.0013000400159047527
forget_to_use_your_pap_with_naps__pap_0400,0.0012900631691732212
nasal_jaw_or_apnea_surgery_self-reported__mdhx_5920,0.0012727458220435602
neurologic_problem_self-reported__mdhx_6200,0.0012645780553778257
patient_health_questionnaire_9_thought_you_would_be_better_off_dead__phq_0900,0.0012456984464146803
endocrine_or_metabolic_problem_self-reported__mdhx_6320,0.0012450405598500378
family_history_of_fibromyalgia_or_chronic_fatigue__famhx_0700,0.0012273859148701758
on_nights_pap_was_used_how_many_hours_of_pap_use__mdhx_0800,0.0012248599830331699
family_history_of_sleepwalking__famhx_0600,0.0011803328357939196
meets_diagnostic_insomnia_criteria__isq_score,0.001151779288703774
cigarette_smoking_current_smoker__current_cigarette_smoker,0.0011491579949599636
usually_no_breakfast__diet_0801,0.0011414205439950382
usually_no_additional_meal/snack1__diet_0831,0.0011372861208937583
self-reported_frequency_of_napping__soclhx_0110,0.0011137932472654146
type_2_diabetes_self-reported__mdhx_6310,0.0011120365261783345
difficulty_staying_awake_during_the_day_never__slpy_0101,0.0011099587780653258
when_was_the_last_time_you_checked_or_changed_your_tube__pap_1800,0.0010999155607412086
unpleasant_sensation_always_due_to_muscle_cramp_present__rls_0300,0.0010516689084045083
improve_with_movement_present__rls_0400,0.001044340051340882
fall_asleep_before_your_mask/_pap_is_on__pap_0100,0.0010046803041287946
feel_paralyzed_(cataplexy)_time_frame__map_1030,0.0009898868582020044
usually_no_additional_meal/snack4__diet_0861,0.000983013263358652
family_history_of_other_psychiatric_illness__famhx_1000,0.0009538822756524772
frequency_of_eat/drink_in_sleep_time_frame__par_0310,0.0009378841111842225
"('restless_legs_syndrome_(rls)_current_probability', 'rls_probability')_Unlikely",0.0009152080037603836
feel_paralyzed_(cataplexy)_age_of_the_first_episode__map_1040,0.0009050296054108646
frequency_of_muscle_weakness_when_tell_or_hear_joke_present__narc_0100,0.0008953658272714097
"('restless_legs_syndrome_(rls)_current_probability', 'rls_probability')_Likely",0.0008763807589688342
when_was_the_last_time_you_replaced_your_mask__pap_1600,0.0008667042904877638
do_you_fall_asleep_during_a_typical_episode__narc_1400,0.0008230577151088705
"('restless_legs_syndrome_(rls)_current_probability', 'rls_probability')_Unlikely (possibly in past)",0.0008194107569293983
"('restless_legs_syndrome_(rls)_current_probability', 'rls_probability')_Possible",0.0008137238766706284
ear_nose_and_throat_problem_or_surgery_other_self-reported__mdhx_5950,0.0008133216803616716
my_mask_size__pap_1400,0.0008036387915954342
dentures_removed_while_sleeping_self-reported__mdhx_6030,0.0007921215502552296
feel_paralyzed_(cataplexy)_when__map_1010,0.0007513965454632675
duration_of_the_muscle_weakness__narc_1100,0.0007272614646653266
sleepwalk_age_of_the_first_episode__par_0230,0.0007235948935242487
oophorectomy_bilateral_self-reported__mdhx_1400,0.0007212500261909573
family_history_of_death_during_sleep__famhx_1200,0.0007105432294050005
pulmonary_problem_other_self-reported__mdhx_5820,0.0007034556988940657
frequency_of_sleepwalk_number_of_times__par_0200,0.0006877582168152028
alcohol_consumption_as_sleep_aid__soclhx_0800,0.0006874636691781765
genetic_testing_source_self-reported__mdhx_6910,0.0006788854193807639
frequency_of_muscle_weakness_when_stressed_current__narc_0400,0.0006663005122598281
usually_no_additional_meal/snack5__diet_0871,0.0006651761669745633
when_was_the_last_time_you_checked_or_changed_your_filters__pap_1700,0.0006463496510424556
sensations_worse_in_evening_present__rls_0500,0.0006403252343880889
alcohol_consumption_time_frame__soclhx_0710,0.0006321504971096783
cataplexy_severity_score_current__narc_2200,0.0006303753296075527
how_often_did_sensations_occur_past__rls_0710,0.0006292889975084707
violent_behavior_during_sleep_age_of_the_first_episode__par_0630,0.0006259269427435601
usually_no_additional_meal/snack3__diet_0851,0.0006207042021912413
cataplexy_frequency_score_current__narc_2100,0.0006152923146664335
muscle_weakness_time_frame__narc_1610,0.0005917458549272819
how_do_you_feel_about_your_current_mask__pap_1900,0.0005855130220899337
sensations_were_worse_in_evening_past__rls_0510,0.0005851277166717544
percentage_of_snack_3_among_all_food_intake_over_24_hours__diet_0360,0.0005821938771378745
seizures_during_sleep__par_0800,0.0005329127276674329
smokeless_user_current_smoker__current_smokeless_user,0.0005282398655672802
does_your_pap_have_a_heated_tube__pap_0700,0.0005050521864363993
frequency_of_muscle_weakness_when_angry_current__narc_0300,0.0004963417648922268
my_current_mask_type__pap_1300,0.0004887215359463781
frequency_of_pap_use__mdhx_0700,0.00048757052006263895
use_sleep_aids_at_least_once_per_week__mdhx_5600,0.0004784120788404545
chronic_obstructive_pulmonary_disease_self-reported__mdhx_5810,0.00045980762213354245
frequency_of_sleepwalk_time_frame__par_0210,0.0004521173495661815
muscle_weakness_number_of_episode__narc_1600,0.00040811447737022793
family_history_of_narcolepsy__famhx_0300,0.00040193159207384596
do_you_have_time_to_sit_or_break_your_fall_during_a_typical_episode__narc_1500,0.0003802560396781903
exercise_time_frame__soclhx_0520,0.00037613569143220873
smokeless_user_former_smoker__former_smokeless_user,0.0003634539216774344
forget_to_take_your_pap_when_you_travel__pap_0500,0.0003431572152929363
frequency_of_violent_behavior_during_sleep_time_frame__par_0610,0.0003317933237287228
usually_no_lunch__diet_0811,0.0003191331457796304
frequency_of_violent_behavior_during_sleep_times__par_0600,0.0003048044792462805
did_it_begin_with_pregnancy__rls_0900,0.00030473487940430944
do_you_use_a_chin_strap__pap_2100,0.0003044309941270979
can_you_see_during_a_typical_episode__narc_1300,0.0002979290544801459
usually_no_additional_meal/snack2__diet_0841,0.0002966969325613461
how_often_do_you_use_your_heated_humidifier__pap_0800,0.0002951985061759426
weakness_in_arms__narc_0800,0.00026071177892258616
improved_with_movement_past__rls_0410,0.00024637625540558506
do_you_use_a_heated_humidifier__pap_0600,0.00024054431400037906
remove_your_mask_unknowingly_while_sleeping__pap_0200,0.0002188529840987169
cigarette_smoking_time_frame__soclhx_1310,0.00021243550736038132
did_it_end_with_same_pregnancy__rls_0910,0.000208538362451081
frequency_of_muscle_weakness_when_stressed_before_treatment__narc_0410,0.00020650494300482596
currently_being_treated_for_narcolepsy__narc_0050,0.0001895089013565213
muscle_weakness_last_experience__narc_1650,0.00017043381493248534
congestive_heart_failure_self-reported__mdhx_5710,0.0001695750145759187
type_of_pap_device__mdhx_0400,0.0001694958491455447
frequency_of_muscle_weakness_when_making_verbal_response_in_playful_context_current__narc_0500,0.0001604893434052439
unpleasant_sensation_was_always_due_to_muscle_cramp_past__rls_0310,0.00015938909578679442
abrupt_dropping_of_head_and/or_shoulders__narc_0700,0.0001452552114845577
muscle_weakness_age_of_the_first_episode__narc_1700,0.00013476495583709583
how_often_do_you_get_water_in_my_tubing/_mask__pap_1200,0.00013051597268700092
forget_to_put_mask_on_after_bathroom__pap_0300,0.00010160063028856804
frequency_of_muscle_weakness_when_angry_before_treatment__narc_0310,0.00010004986563910543
fallen_to_ground_unable_to_move__narc_1000,9.820382156322448e-05
frequency_of_muscle_weakness_when_laugh_before_treatment__narc_0210,6.79275163538716e-05
cataplexy_frequency_score_before_treatment__narc_2110,6.667105737371679e-05
sagging_or_dropping_of_jaw__narc_0600,5.444165816957613e-05
usually_no_dinner__diet_0821,5.062977512319206e-05
percentage_of_snack_5_among_all_food_intake_over_24_hours__diet_0380,2.793754250689844e-05
slurring_of_speech__narc_0900,2.2381943130950122e-05
percentage_of_snack_4_among_all_food_intake_over_24_hours__diet_0370,1.0587050642415575e-05
hypnogogic_hallucinations_age_of_the_first_episode_dont_know__map_1131,0.0
remember_dreams_never_or_dont_know__par_0901,0.0
can_you_hear_during_a_typical_episode__narc_1200,0.0
muscle_weakness_age_of_the_first_episode_dont_know__narc_1701,0.0
frequency_of_muscle_weakness_when_making_verbal_response_in_playful_context_before_treatment__narc_0510,0.0
frequency_of_muscle_weakness_when_tell_or_hear_joke_before_treatment__narc_0110,0.0
feel_paralyzed_(cataplexy)_age_of_the_first_episode_dont_know__map_1041,0.0
time_in_bed_sch_work_nights_varies__sched_0901,0.0
time_out_bed_sch_work_nights_varies__sched_9901,0.0
rarely_or_never_nap__soclhx_0101,0.0
frequency_of_eat/drink_in_sleep_never_or_dont_know__par_0301,0.0
map_likelihood_ration_(lr)__map_lr,0.0
pregnancy_current__mdhx_1200,0.0
amount_of_sleep_needed_to_feel_fully_rested_never_rested__sched_4201,0.0
time_out_bed_non_sch_non_work_nights_varies__sched_2001,0.0
frequency_of_nightmares_never_or_dont_know__par_0701,0.0
frequency_of_violent_behavior_during_sleep_never_or_dont_know__par_0601,0.0
frequency_of_acting_out_dreams_never_or_dont_know__par_0501,0.0
frequency_of_sleepwalk_never_or_dont_know__par_0201,0.0
frequency_of_leg_twitch/kick_never_or_dont_know__par_0101,0.0
time_in_bed_non_sch_non_work_nights_varies__sched_1901,0.0
